[
    {
        "nom": "Palais du Parlement",
        "description": "L'un des plus grands bâtiments administratifs du monde, construit en 1997, avec une superficie de 365 000 m².",
        "categorie": "Architecture",
        "adresse": "Bulevardul Națiunile Unite 1, Bucarest 050711"
    },
    {
        "nom": "Place de la Révolution",
        "description": "Cœur historique de Bucarest, lieu de nombreux événements importants, notamment la révolution de 1989.",
        "categorie": "Histoire",
        "adresse": "Piața Revoluției, Bucarest"
    },
    {
        "nom": "Musée national d'art de Roumanie",
        "description": "Musée présentant une collection d'œuvres d'art roumaines et étrangères, du Moyen Âge à nos jours.",
        "categorie": "Musée",
        "adresse": "Calea Victoriei 49-53, Bucarest 030026"
    },
    {
        "nom": "Église patriarcale",
        "description": "Siège de l'Église orthodoxe roumaine, construite en 1658, avec une architecture byzantine.",
        "categorie": "Religion",
        "adresse": "Bulevardul Decebal 1, Bucarest 030026"
    },
    {
        "nom": "Jardin botanique Dimitrie Brândză",
        "description": "Jardin botanique créé en 1860, avec plus de 10 000 espèces de plantes.",
        "categorie": "Nature",
        "adresse": "Șoseaua Cotroceni 32, Bucarest 060114"
    },
    {
        "nom": "Théâtre national Ion Luca Caragiale",
        "description": "Théâtre fondé en 1852, avec une programmation variée de pièces de théâtre et de spectacles.",
        "categorie": "Théâtre",
        "adresse": "Bulevardul Nicolae Bălcescu 2, Bucarest 010051"
    },
    {
        "nom": "Musée national d'histoire naturelle Grigore Antipa",
        "description": "Musée créé en 1908, avec des collections de spécimens d'animaux et de plantes.",
        "categorie": "Musée",
        "adresse": "Șoseaua Kiseleff 1, Bucarest 011347"
    },
    {
        "nom": "Cercul Militar",
        "description": "Bâtiment historique construit en 1912, abritant un restaurant et un musée.",
        "categorie": "Architecture",
        "adresse": "Strada Constantin Mille 1, Bucarest 010016"
    },
    {
        "nom": "Parc Herastrau",
        "description": "Parc créé en 1936, avec des espaces verts, des lacs et des attractions pour les enfants.",
        "categorie": "Nature",
        "adresse": "Șoseaua Nordului, Bucarest 011751"
    },
    {
        "nom": "Musée national de l'histoire de la Roumanie",
        "description": "Musée créé en 1970, avec des collections d'objets historiques et archéologiques.",
        "categorie": "Musée",
        "adresse": "Calea Victoriei 12, Bucarest 030026"
    },
    {
        "nom": "Palais Cotroceni",
        "description": "Palais royal construit en 1888, abritant aujourd'hui le siège de la présidence roumaine.",
        "categorie": "Architecture",
        "adresse": "Bulevardul Geniului 1, Bucarest 060114"
    },
    {
        "nom": "Église Stavropoleos",
        "description": "Église orthodoxe construite en 1724, avec une architecture byzantine.",
        "categorie": "Religion",
        "adresse": "Strada Stavropoleos 4, Bucarest 030167"
    },
    {
        "nom": "Musée national de la littérature roumaine",
        "description": "Musée créé en 1957, avec des collections d'œuvres littéraires et de documents historiques.",
        "categorie": "Musée",
        "adresse": "Strada Nicolae Crețulescu 8, Bucarest 010082"
    },
    {
        "nom": "Place de l'Université",
        "description": "Place centrale de Bucarest, lieu de nombreux événements et manifestations.",
        "categorie": "Histoire",
        "adresse": "Piața Universității, Bucarest"
    },
    {
        "nom": "Théâtre Odeon",
        "description": "Théâtre fondé en 1946, avec une programmation variée de pièces de théâtre et de spectacles.",
        "categorie": "Théâtre",
        "adresse": "Calea Victoriei 40-42, Bucarest 030026"
    },
    {
        "nom": "Musée national de la musique",
        "description": "Musée créé en 1964, avec des collections d'instruments de musique et de documents historiques.",
        "categorie": "Musée",
        "adresse": "Strada Știrbei Vodă 33, Bucarest 010102"
    },
    {
        "nom": "Cathédrale catholique St-Joseph",
        "description": "Cathédrale catholique construite en 1884, avec une architecture néo-gothique.",
        "categorie": "Religion",
        "adresse": "Bulevardul General Gheorghe Magheru 29, Bucarest 010322"
    },
    {
        "nom": "Parc Carol",
        "description": "Parc créé en 1906, avec des espaces verts, des lacs et des attractions pour les enfants.",
        "categorie": "Nature",
        "adresse": "Șoseaua Viilor, Bucarest 050881"
    },
    {
        "nom": "Musée national de l'aviation",
        "description": "Musée créé en 1992, avec des collections d'avions et d'équipements aéronautiques.",
        "categorie": "Musée",
        "adresse": "Șoseaua Pipera 69-71, Bucarest 014254"
    }
]