[
    {
        "nom": "Cathédrale de la Nativité",
        "description": "Cathédrale orthodoxe construite en 1830, symbole de la ville de Chișinău",
        "categorie": "Religion",
        "adresse": "Piața Mitropoliei 1, Chișinău"
    },
    {
        "nom": "Monument de Ștefan cel Mare",
        "description": "Monument dédié au prince moldave Ștefan cel Mare, héros national de la Moldavie",
        "categorie": "Histoire",
        "adresse": "Piața Ștefan cel Mare și Sfânt 1, Chișinău"
    },
    {
        "nom": "Musée national d'ethnographie et d'histoire naturelle",
        "description": "Musée présentant l'histoire et la culture de la Moldavie, ainsi que sa faune et sa flore",
        "categorie": "Musée",
        "adresse": "Strada Mihail Kogălniceanu 82, Chișinău"
    },
    {
        "nom": "Parc dendrologique",
        "description": "Parc de 104 hectares abritant plus de 1 500 espèces de plantes et d'arbres",
        "categorie": "Nature",
        "adresse": "Strada Ion Creangă 1, Chișinău"
    },
    {
        "nom": "Théâtre national Mihai Eminescu",
        "description": "Théâtre national de la Moldavie, nommé en l'honneur du poète Mihai Eminescu",
        "categorie": "Culture",
        "adresse": "Bulevardul Ștefan cel Mare și Sfânt 79, Chișinău"
    },
    {
        "nom": "Place de la Victoire",
        "description": "Place centrale de Chișinău, décorée de monuments et de fontaines",
        "categorie": "Place",
        "adresse": "Piața Victoriei, Chișinău"
    },
    {
        "nom": "Cimetière central",
        "description": "Cimetière historique où reposent de nombreux personnalités moldaves",
        "categorie": "Cimetière",
        "adresse": "Strada Armenească 11, Chișinău"
    },
    {
        "nom": "Musée national d'art",
        "description": "Musée présentant une collection d'œuvres d'art moldaves et étrangères",
        "categorie": "Musée",
        "adresse": "Strada 31 August 1989 115, Chișinău"
    },
    {
        "nom": "Église arménienne",
        "description": "Église arménienne construite en 1803, l'une des plus anciennes de Chișinău",
        "categorie": "Religion",
        "adresse": "Strada Armenească 12, Chișinău"
    },
    {
        "nom": "Marché central",
        "description": "Marché traditionnel où l'on trouve des produits frais, des souvenirs et des spécialités moldaves",
        "categorie": "Marché",
        "adresse": "Strada Ismail 10, Chișinău"
    },
    {
        "nom": "Palais de la République",
        "description": "Bâtiment historique qui abrite le Parlement de la Moldavie",
        "categorie": "Gouvernement",
        "adresse": "Piața Marii Adunări Naționale 1, Chișinău"
    },
    {
        "nom": "Jardin botanique",
        "description": "Jardin botanique abritant plus de 10 000 espèces de plantes",
        "categorie": "Nature",
        "adresse": "Strada Ion Creangă 1, Chișinău"
    },
    {
        "nom": "Musée de l'histoire de Chișinău",
        "description": "Musée présentant l'histoire de la ville de Chișinău, de sa fondation à nos jours",
        "categorie": "Musée",
        "adresse": "Strada 31 August 1989 101, Chișinău"
    },
    {
        "nom": "Cathédrale catholique",
        "description": "Cathédrale catholique construite en 1840, l'une des plus belles de Chișinău",
        "categorie": "Religion",
        "adresse": "Strada Mitropolit Dosoftei 85, Chișinău"
    },
    {
        "nom": "Monument de la Victoire",
        "description": "Monument dédié à la victoire de l'Armée rouge sur l'Allemagne nazie",
        "categorie": "Histoire",
        "adresse": "Piața Victoriei, Chișinău"
    },
    {
        "nom": "Théâtre de la jeunesse",
        "description": "Théâtre pour les enfants et les jeunes, proposant des spectacles et des activités",
        "categorie": "Culture",
        "adresse": "Strada Alexandru Pușkin 33, Chișinău"
    },
    {
        "nom": "Place de la Grande Assemblée Nationale",
        "description": "Place historique où se sont déroulées de nombreuses manifestations et événements",
        "categorie": "Place",
        "adresse": "Piața Marii Adunări Naționale, Chișinău"
    },
    {
        "nom": "Musée de la littérature",
        "description": "Musée consacré à la littérature moldave et à ses plus grands écrivains",
        "categorie": "Musée",
        "adresse": "Strada 31 August 1989 103, Chișinău"
    },
    {
        "nom": "Parc de la ville",
        "description": "Parc urbain offrant des espaces verts, des promenades et des activités de loisirs",
        "categorie": "Nature",
        "adresse": "Strada Ion Creangă 1, Chișinău"
    },
    {
        "nom": "Église russe",
        "description": "Église orthodoxe russe construite en 1902, l'une des plus belles de Chișinău",
        "categorie": "Religion",
        "adresse": "Strada Nicolae Iorga 2, Chișinău"
    }
]