[
    {
        "nom": "Château de Prague",
        "description": "Complexe de châteaux et de bâtiments historiques qui abrite la cathédrale Saint-Guy et le palais royal.",
        "categorie": "Châteaux et palais",
        "adresse": "Hradčany, Prague 1"
    },
    {
        "nom": "Place de la Vieille Ville",
        "description": "Place historique avec la célèbre horloge astronomique et l'église de Notre-Dame de Týn.",
        "categorie": "Places et rues",
        "adresse": "Staromestske namesti, Prague 1"
    },
    {
        "nom": "Charles Bridge",
        "description": "Pont historique sur la Vltava avec des statues de saints et des vues sur la ville.",
        "categorie": "Ponts et rivières",
        "adresse": "Karlův most, Prague 1"
    },
    {
        "nom": "Cathédrale Saint-Guy",
        "description": "Cathédrale gothique du XIVe siècle avec des vitraux colorés et des ornements précieux.",
        "categorie": "Églises et cathédrales",
        "adresse": "Hradčany, Prague 1"
    },
    {
        "nom": "Wallenstein Garden",
        "description": "Jardin baroque du XVIIe siècle avec des statues, des fontaines et des vues sur le château.",
        "categorie": "Jardins et parcs",
        "adresse": "Letenské nám., Prague 1"
    },
    {
        "nom": "Petřín Tower",
        "description": "Tour d'observation avec des vues sur la ville, inspirée de la Tour Eiffel.",
        "categorie": "Vues panoramiques",
        "adresse": "Petřínské sady, Prague 1"
    },
    {
        "nom": "National Museum",
        "description": "Musée national avec des expositions sur l'histoire et la culture tchèques.",
        "categorie": "Musées",
        "adresse": "Václavské nám., Prague 1"
    },
    {
        "nom": "Wenceslas Square",
        "description": "Place historique avec la statue de saint Venceslas et des bâtiments Art Nouveau.",
        "categorie": "Places et rues",
        "adresse": "Václavské nám., Prague 1"
    },
    {
        "nom": "Old Town Hall",
        "description": "Hôtel de ville historique avec une tour et une horloge astronomique.",
        "categorie": "Hôtels de ville",
        "adresse": "Staromestske namesti, Prague 1"
    },
    {
        "nom": "St. Nicholas Church",
        "description": "Église baroque du XVIIIe siècle avec des ornements précieux et des vues sur la place.",
        "categorie": "Églises et cathédrales",
        "adresse": "Staromestske namesti, Prague 1"
    },
    {
        "nom": "Jewish Quarter",
        "description": "Quartier historique avec des synagogues, des musées et des rues sinueuses.",
        "categorie": "Quartiers historiques",
        "adresse": "Josefov, Prague 1"
    },
    {
        "nom": "Spanish Synagogue",
        "description": "Synagogue du XIXe siècle avec des ornements Moorish et des vitraux colorés.",
        "categorie": "Synagogues",
        "adresse": "Veleslavínova, Prague 1"
    },
    {
        "nom": "Prague Zoo",
        "description": "Zoo avec des espèces rares et des expositions sur la faune tchèque.",
        "categorie": "Zoos et aquariums",
        "adresse": "U Trojského zámku, Prague 7"
    },
    {
        "nom": "Museum of Decorative Arts",
        "description": "Musée avec des expositions sur les arts décoratifs et le design tchèque.",
        "categorie": "Musées",
        "adresse": "17. listopadu, Prague 1"
    },
    {
        "nom": "National Gallery",
        "description": "Galerie d'art avec des expositions sur l'art tchèque et européen.",
        "categorie": "Galerie d'art",
        "adresse": "Veletržní palác, Prague 7"
    },
    {
        "nom": "Kampa Island",
        "description": "Île sur la Vltava avec des jardins, des statues et des vues sur le château.",
        "categorie": "Îles et rivières",
        "adresse": "Kampa, Prague 1"
    },
    {
        "nom": "Strahov Monastery",
        "description": "Monastère prémontré du XIIe siècle avec une bibliothèque et des jardins.",
        "categorie": "Monastères et couvents",
        "adresse": "Strahovské nádvoří, Prague 1"
    },
    {
        "nom": "Lapidarium",
        "description": "Musée avec des expositions sur la sculpture et les monuments historiques.",
        "categorie": "Musées",
        "adresse": "Vrchlického sady, Prague 1"
    },
    {
        "nom": "Vyšehrad",
        "description": "Forteresse historique avec des vues sur la Vltava et des monuments nationaux.",
        "categorie": "Forteresses et châteaux",
        "adresse": "Vyšehrad, Prague 2"
    },
    {
        "nom": "Dancing House",
        "description": "Bâtiment Art Nouveau avec une architecture unique et des vues sur la Vltava.",
        "categorie": "Architecture",
        "adresse": "Rašínovo nábřeží, Prague 2"
    }
]